,name,clouds,dt,humidity,lat,lon,temp_max,temp_min
0,Severobaykalsk,48,1553731760,76,55.65,55.65,-12.96,-12.96
1,Villa Carlos Paz,75,1553731245,87,-31.42,-31.42,18.33,16.0
2,Thompson,90,1553727600,57,55.74,55.74,-5.0,-5.0
3,Pueblo Nuevo,0,1553731762,36,23.99,23.99,28.92,28.92
4,Empangeni,0,1553731762,84,-28.75,-28.75,21.8,21.8
5,Encruzilhada,56,1553731762,89,-15.53,-15.53,21.92,21.92
6,Busselton,80,1553731521,54,-33.64,-33.64,16.11,13.89
7,Ostrovnoy,88,1553731763,88,68.05,68.05,-1.93,-1.93
8,Vaini,0,1553731746,90,15.34,15.34,19.22,19.22
9,Albany,20,1553731688,17,42.65,42.65,7.0,0.0
10,Portland,75,1553731622,66,45.52,45.52,12.0,7.78
11,Severobaykalsk,48,1553731760,76,55.65,55.65,-12.96,-12.96
12,Villa Carlos Paz,75,1553731245,87,-31.42,-31.42,18.33,16.0
13,Thompson,90,1553727600,57,55.74,55.74,-5.0,-5.0
14,Pueblo Nuevo,0,1553731762,36,23.99,23.99,28.92,28.92
15,Empangeni,0,1553731762,84,-28.75,-28.75,21.8,21.8
16,Encruzilhada,56,1553731762,89,-15.53,-15.53,21.92,21.92
17,Busselton,80,1553731521,54,-33.64,-33.64,16.11,13.89
18,Ostrovnoy,88,1553731763,88,68.05,68.05,-1.93,-1.93
19,Vaini,0,1553731746,90,15.34,15.34,19.22,19.22
20,Albany,20,1553731688,17,42.65,42.65,7.0,0.0
21,Portland,75,1553731622,66,45.52,45.52,12.0,7.78
22,San Patricio,0,1553731731,62,-26.98,-26.98,21.57,21.57
23,Isangel,75,1553727600,74,-19.55,-19.55,28.0,28.0
24,Careiro da Varzea,20,1553727600,74,-3.2,-3.2,29.0,28.0
25,Girua,8,1553731905,66,-28.03,-28.03,21.32,21.32
26,Arraial do Cabo,20,1553727600,69,-22.97,-22.97,26.0,26.0
27,Hobart,20,1553731639,45,-42.88,-42.88,18.89,15.56
28,Dikson,80,1553731619,96,73.51,73.51,-4.21,-4.21
29,Airai,76,1553731905,91,-8.93,-8.93,23.35,23.35
30,Rikitea,100,1553731905,100,-23.12,-23.12,23.77,23.77
31,Mar del Plata,0,1553731906,58,-46.43,-46.43,15.37,15.37
32,Trelew,0,1553731906,40,-43.25,-43.25,22.22,22.22
33,Kabalo,8,1553731906,97,-6.05,-6.05,21.52,21.52
34,Pangai,90,1553727600,88,-19.8,-19.8,26.0,26.0
35,Los Llanos de Aridane,0,1553731502,72,28.66,28.66,17.0,12.22
36,Lumeje,12,1553731906,82,-11.56,-11.56,20.62,20.62
37,Mataura,0,1553731807,69,-46.19,-46.19,16.11,16.11
38,Stavanger,90,1553731505,100,58.97,58.97,7.78,6.67
39,Ushuaia,20,1553727600,79,-54.81,-54.81,8.0,8.0
40,Kaitangata,0,1553731557,52,-46.28,-46.28,18.33,18.33
41,Cartagena,0,1553731502,76,37.63,37.63,9.44,6.11
42,Osmena,8,1553731907,90,12.17,12.17,26.7,26.7
43,Qaanaaq,44,1553731763,84,77.48,77.48,-23.46,-23.46
44,Port Alfred,0,1553731907,85,-33.59,-33.59,20.72,20.72
45,Saint-Philippe,1,1553731805,25,45.36,45.36,5.0,0.0
46,Srednekolymsk,8,1553731908,63,67.46,67.46,-15.71,-15.71
47,Alice Springs,0,1553729400,26,-23.7,-23.7,22.0,22.0
48,Sorland,75,1553728800,80,67.67,67.67,5.0,5.0
49,Fortuna,0,1553731886,75,38.18,38.18,9.44,0.56
50,Ancud,0,1553727600,76,-41.87,-41.87,13.0,13.0
51,Broome,44,1553731887,81,52.47,52.47,9.44,6.67
52,Kapaa,90,1553731397,100,22.08,22.08,26.11,22.0
53,Nouadhibou,0,1553727600,82,20.93,20.93,19.0,19.0
54,Lazurne,0,1553731909,86,46.77,46.77,-1.03,-1.03
55,Jamestown,12,1553731909,76,-33.21,-33.21,16.57,16.57
56,Zhangye,0,1553731910,72,38.94,38.94,-3.38,-3.38
57,Sanmenxia,68,1553731910,54,34.77,34.77,12.07,12.07
58,Springbok,0,1553731910,74,-29.67,-29.67,8.87,8.87
59,Hilo,75,1553731876,57,19.71,19.71,26.0,20.0
60,Beisfjord,92,1553731337,91,68.38,68.38,4.44,0.56
61,Tiksi,8,1553731652,69,71.64,71.64,-16.91,-16.91
62,Saint-Augustin,0,1553731828,65,44.83,44.83,8.89,8.0
63,Sussex,5,1553731430,63,45.72,45.72,-2.22,-3.0
64,New Norfolk,20,1553731875,45,-42.78,-42.78,18.89,15.56
65,Bluff,100,1553731911,98,-23.58,-23.58,21.95,21.95
66,Avarua,20,1553729400,78,-21.21,-21.21,28.0,28.0
67,Punta Arenas,0,1553731347,57,-53.16,-53.16,10.0,7.78
68,Rafraf,20,1553729400,76,37.19,37.19,11.0,11.0
69,Cherskiy,80,1553731912,76,68.75,68.75,-14.98,-14.98
70,Severo-Yeniseyskiy,44,1553731898,68,60.37,60.37,-9.46,-9.46
71,Topolevo,0,1553729400,67,48.51,48.51,-5.0,-5.0
72,Waipawa,88,1553731336,68,-39.94,-39.94,17.78,17.78
73,Ribeira Grande,32,1553731621,100,38.52,38.52,14.77,14.77
74,Buraydah,0,1553727600,44,26.33,26.33,16.0,16.0
75,Alibunan,56,1553731913,95,11.15,11.15,24.67,24.67
76,Kavieng,8,1553731913,97,-2.57,-2.57,29.57,29.57
77,Chokurdakh,20,1553731773,78,70.62,70.62,-22.06,-22.06
78,Mucurapo,20,1553731808,78,10.67,10.67,26.0,25.0
79,Saint-Pierre,0,1553731639,80,48.95,48.95,5.0,0.56
80,Necochea,0,1553731278,72,-38.55,-38.55,15.56,15.56
81,Lompoc,1,1553731813,59,34.64,34.64,19.0,15.56
82,Bathsheba,40,1553727600,74,13.22,13.22,26.0,26.0
83,Yarada,20,1553727600,88,17.65,17.65,26.0,26.0
84,Havre-Saint-Pierre,40,1553727600,67,50.23,50.23,-7.0,-7.0
85,Iskateley,64,1553731915,80,67.68,67.68,-6.96,-6.96
86,Mahebourg,40,1553731446,78,-20.41,-20.41,27.0,25.0
87,Kahului,20,1553731831,54,20.89,20.89,29.0,22.0
88,Dandong,0,1553731915,34,40.12,40.12,2.92,2.92
89,Carnarvon,0,1553731775,41,-30.97,-30.97,10.82,10.82
90,Caravelas,32,1553731915,99,-17.73,-17.73,28.3,28.3
91,Yar-Sale,44,1553731915,75,66.83,66.83,-10.28,-10.28
92,Rancho Palos Verdes,1,1553731832,56,33.75,33.75,22.0,16.11
93,Salalah,40,1553727000,78,17.01,17.01,24.0,24.0
94,Barrow,0,1553731916,60,-38.31,-38.31,15.77,15.77
95,Coquimbo,75,1553727600,82,-29.95,-29.95,15.0,15.0
96,Zhaoyang,0,1553731916,78,42.68,42.68,-0.68,-0.68
97,Kokoda,8,1553731917,80,-8.88,-8.88,22.92,22.92
98,Cape Town,0,1553731865,88,-33.93,-33.93,18.33,14.44
99,Kieta,12,1553731917,98,-6.22,-6.22,28.05,28.05
100,Longyearbyen,40,1553727000,67,78.22,78.22,-6.0,-6.0
101,Juneau,20,1553727360,47,58.3,58.3,13.0,13.0
102,Emerald,90,1553731727,100,-23.53,-23.53,22.0,20.56
103,Atuona,0,1553731917,100,-9.8,-9.8,28.2,28.2
104,Port Elizabeth,1,1553731896,59,39.31,39.31,5.0,2.22
105,Butaritari,36,1553731918,98,3.07,3.07,29.32,29.32
106,Cockburn Town,48,1553731918,100,21.46,21.46,24.67,24.67
107,Vila Velha,40,1553731688,83,-3.71,-3.71,27.22,26.67
108,Saskylakh,0,1553731918,69,71.97,71.97,-9.41,-9.41
109,Kodiak,90,1553731805,24,39.95,39.95,21.11,19.0
110,Port Hardy,5,1553727600,50,50.7,50.7,12.0,12.0
111,Tiarei,75,1553731343,66,-17.53,-17.53,31.0,30.56
112,Port Hedland,0,1553729400,94,-20.31,-20.31,27.0,27.0
113,Solnechnyy,48,1553731919,70,50.72,50.72,-7.88,-7.88
114,Marienburg,90,1553731880,93,52.12,52.12,9.0,6.67
115,Pevek,88,1553731920,93,69.7,69.7,-11.31,-11.31
116,Griffith,88,1553730018,49,-34.29,-34.29,24.44,23.0
117,Hobyo,48,1553731644,93,5.35,5.35,25.77,25.77
118,Vao,36,1553731920,91,59.1,59.1,-3.23,-3.23
119,Cabo San Lucas,40,1553731531,28,22.89,22.89,29.44,22.22
120,Puerto Ayora,0,1553731249,74,-0.74,-0.74,28.0,26.11
121,Coihaique,0,1553727600,54,-45.58,-45.58,17.0,15.0
122,Castro,0,1553727600,76,-42.48,-42.48,13.0,13.0
123,Bandar,88,1553731921,92,-4.2,-4.2,23.55,23.55
124,Port Lincoln,0,1553731921,86,-34.72,-34.72,19.12,19.12
125,Charlestown,1,1553731917,51,41.38,41.38,3.33,0.56
126,Cidreira,36,1553731922,75,-30.17,-30.17,21.05,21.05
127,Arawa,20,1553731922,78,7.05,7.05,26.22,26.22
128,Dicabisagan,12,1553731922,96,17.08,17.08,25.3,25.3
129,Taoudenni,0,1553731628,60,22.68,22.68,18.35,18.35
130,Dingle,48,1553731922,87,11.0,11.0,25.8,25.8
131,Henties Bay,64,1553731331,93,-22.12,-22.12,16.67,16.67
132,Bambous Virieux,40,1553731745,78,-20.34,-20.34,27.0,25.0
133,Torbay,40,1553731663,61,47.66,47.66,-6.11,-9.0
134,Hit,48,1553731923,95,33.64,33.64,8.7,8.7
135,Tautira,75,1553731343,66,-17.73,-17.73,31.0,30.56
136,Talnakh,88,1553731923,92,69.49,69.49,-1.46,-1.46
137,Buala,92,1553731924,80,-8.15,-8.15,29.92,29.92
138,Bukachacha,24,1553731924,50,52.99,52.99,-9.58,-9.58
139,Lebu,36,1553731654,90,8.96,8.96,10.52,10.52
140,Maldonado,0,1553727600,67,-34.91,-34.91,17.0,17.0
141,Victoria,75,1553729400,94,5.28,5.28,26.0,25.56
142,Kloulklubed,75,1553730600,70,7.04,7.04,29.0,29.0
143,Vila Franca do Campo,20,1553731581,76,37.72,37.72,13.0,12.78
144,Norman Wells,90,1553728740,60,65.28,65.28,5.0,5.0
145,Kangaatsiaq,64,1553731925,100,68.31,68.31,-10.56,-10.56
146,Neepawa,20,1553727600,77,50.23,50.23,6.0,6.0
147,Whitehorse,20,1553731924,34,60.72,60.72,10.0,8.89
148,San Carlos del Zulia,12,1553731926,58,9.0,9.0,30.77,30.77
149,Kingsport,1,1553731833,34,36.55,36.55,16.0,7.22
150,Saint-Georges,0,1553731271,43,46.12,46.12,0.0,-1.11
151,Aripuana,12,1553731793,93,-9.17,-9.17,25.7,25.7
152,Chumikan,48,1553731927,65,54.72,54.72,-7.68,-7.68
153,Pandan,56,1553731927,100,11.72,11.72,26.57,26.57
154,Osoyoos,1,1553731733,23,49.03,49.03,17.0,6.11
155,Teknaf,0,1553731927,94,20.86,20.86,19.85,19.85
156,Karaton,75,1553731919,88,-6.34,-6.34,29.44,25.0
157,Moba,36,1553731928,95,-7.04,-7.04,20.87,20.87
158,Nago,0,1553731904,56,45.88,45.88,10.0,0.56
159,Marzuq,0,1553731928,89,14.4,14.4,9.17,9.17
160,Faanui,68,1553731928,100,-16.48,-16.48,29.62,29.62
161,Manono,24,1553731928,95,-7.3,-7.3,20.82,20.82
162,Yaan,0,1553731929,68,7.38,7.38,24.17,24.17
163,Arlit,88,1553731929,30,18.74,18.74,23.1,23.1
164,Quatre Cocos,40,1553731745,78,-20.21,-20.21,27.0,25.0
165,Wana,0,1553731929,83,32.31,32.31,7.2,7.2
166,Hithadhoo,56,1553731930,100,-0.6,-0.6,26.82,26.82
167,Kiyasovo,56,1553731369,92,56.35,56.35,1.11,1.11
168,Tual,76,1553731930,100,-5.67,-5.67,28.3,28.3
169,Nome,1,1553731906,52,30.04,30.04,21.11,17.22
170,Capinopolis,76,1553731669,90,-18.68,-18.68,22.85,22.85
171,Nikolskoye,0,1553731836,54,59.7,59.7,-0.57,-8.89
172,Soller,20,1553731929,86,50.73,50.73,9.0,1.67
173,Honningsvag,48,1553731931,97,70.98,70.98,1.45,1.45
174,Bredasdorp,56,1553731325,82,-34.53,-34.53,18.0,15.56
175,Tuatapere,12,1553731807,69,-46.13,-46.13,16.11,16.11
176,Bubaque,0,1553731931,95,11.28,11.28,26.55,26.55
177,Gazanjyk,12,1553731932,92,39.24,39.24,3.7,3.7
178,Salinopolis,92,1553731634,100,-0.61,-0.61,26.17,26.17
179,Saldanha,0,1553731932,30,41.42,41.42,9.3,9.3
180,Chuy,0,1553731651,85,-33.69,-33.69,16.77,16.77
181,Grindavik,75,1553731183,92,63.84,63.84,0.56,-1.0
182,Alofi,75,1553727600,79,-19.06,-19.06,30.0,30.0
183,Chunoyar,0,1553731933,68,57.45,57.45,-11.43,-11.43
184,Palmer,0,1553731522,33,-34.85,-34.85,24.44,20.56
185,Bethel,90,1553728740,74,60.79,60.79,3.0,2.0
186,Saint George,90,1553731409,81,39.45,39.45,12.0,11.0
187,Jingdezhen,92,1553731934,100,29.29,29.29,16.82,16.82
188,Ozernovskiy,88,1553731934,83,51.5,51.5,-1.31,-1.31
189,Amboasary,75,1553727600,83,-25.04,-25.04,25.0,25.0
190,Maamba,0,1553731934,72,-17.36,-17.36,21.22,21.22
191,Ponta do Sol,92,1553731934,57,-20.63,-20.63,24.6,24.6
192,Kendari,32,1553731935,96,-3.99,-3.99,25.12,25.12
193,Hermanus,80,1553731325,96,-34.42,-34.42,17.22,15.56
194,Eskil,20,1553731935,80,38.4,38.4,2.45,2.45
195,Sao Joao da Barra,0,1553727600,78,-21.64,-21.64,25.0,25.0
196,Clyde River,75,1553727600,83,70.47,70.47,-20.0,-20.0
197,Bahia Honda,8,1553731936,66,22.9,22.9,21.6,21.6
198,Severo-Kurilsk,92,1553731936,97,50.68,50.68,-1.18,-1.18
199,Garowe,0,1553731936,90,8.41,8.41,16.95,16.95
200,Belyy Yar,20,1553729400,59,53.6,53.6,2.0,2.0
201,Rocha,8,1553731708,86,-34.48,-34.48,14.7,14.7
202,Tevriz,8,1553731937,91,57.51,57.51,-4.73,-4.73
203,Walvis Bay,32,1553731331,77,-22.95,-22.95,17.0,16.67
204,Leningradskiy,76,1553731937,97,69.38,69.38,-5.38,-5.38
205,Carupano,56,1553731937,87,10.67,10.67,25.52,25.52
206,Carbonia,20,1553730600,71,39.17,39.17,12.0,10.0
207,Faya,20,1553727600,87,18.39,18.39,16.0,15.0
208,Aksu,90,1553729400,100,52.04,52.04,-4.0,-4.0
209,Prenzlau,92,1553731752,85,53.32,53.32,8.89,6.11
210,Rio Grande,8,1553731669,84,-32.03,-32.03,20.37,20.37
211,Mnogovershinnyy,88,1553731938,75,53.94,53.94,-8.06,-8.06
212,West Wendover,1,1553727360,22,40.74,40.74,18.0,18.0
213,Grand Gaube,40,1553731745,78,-20.01,-20.01,27.0,25.0
214,Port Arthur,1,1553731713,52,29.9,29.9,21.11,18.0
215,Khasan,0,1553731939,78,42.43,42.43,1.07,1.07
216,Billings,75,1553731898,37,45.79,45.79,11.67,9.44
217,Atambua,88,1553731939,100,-9.11,-9.11,25.45,25.45
218,Haines Junction,0,1553731940,42,60.75,60.75,5.1,5.1
219,Hambantota,0,1553731940,100,6.12,6.12,26.12,26.12
220,Frontera,40,1553726760,61,18.53,18.53,27.0,27.0
221,Sao Filipe,0,1553731940,99,14.9,14.9,20.92,20.92
222,Bud,92,1553731333,93,62.91,62.91,10.0,6.11
223,Soyo,56,1553731941,95,-6.13,-6.13,26.62,26.62
224,La Paz,75,1553731307,11,24.15,24.15,31.0,27.22
225,Berlevag,92,1553731684,100,70.86,70.86,0.7,0.7
226,Gafanha da Encarnacao,0,1553731625,81,40.62,40.62,13.33,11.67
227,Bom Jesus,48,1553731942,95,-9.08,-9.08,21.8,21.8
228,Motihari,0,1553731869,87,26.65,26.65,17.95,17.95
229,Maniitsoq,20,1553731942,83,65.42,65.42,-12.81,-12.81
230,Yellowknife,75,1553731925,68,62.45,62.45,-1.11,-3.0
231,Naze,8,1553731943,76,5.43,5.43,26.27,26.27
232,Santa Maria,75,1553727600,73,-29.69,-29.69,21.0,21.0
233,Turukhansk,92,1553731944,92,65.8,65.8,-2.13,-2.13
234,Carutapera,80,1553731944,94,-1.2,-1.2,25.7,25.7
235,Zhigansk,0,1553731945,81,66.77,66.77,-15.73,-15.73
236,Areado,20,1553731741,86,-21.36,-21.36,18.92,18.92
237,Ahipara,92,1553731945,83,-35.17,-35.17,21.2,21.2
238,Deputatskiy,0,1553731945,69,69.3,69.3,-19.43,-19.43
239,Ohara,75,1553731895,62,35.12,35.12,15.0,8.89
240,Zabol,8,1553731945,100,31.03,31.03,14.95,14.95
241,Acapulco,5,1553726880,62,16.86,16.86,30.0,30.0
242,Calipan,0,1553731946,48,18.3,18.3,17.12,17.12
243,Mayo,90,1553727600,42,63.59,63.59,8.0,8.0
244,Vardo,1,1553731937,28,39.62,39.62,9.0,3.89
245,Hamina,0,1553731742,74,60.57,60.57,-2.0,-3.89
246,Vega de Alatorre,64,1553731946,81,20.03,20.03,21.57,21.57
247,Smithers,40,1553727600,30,54.78,54.78,12.0,12.0
248,Barguzin,44,1553731947,71,53.62,53.62,-13.21,-13.21
249,Broken Hill,0,1553727600,28,-31.97,-31.97,21.0,21.0
250,Lebrija,0,1553731741,62,36.92,36.92,15.0,12.22
251,Singkang,75,1553727600,88,2.1,2.1,26.0,25.56
252,Katsuura,75,1553731471,59,33.93,33.93,16.0,14.0
253,Bichura,68,1553731948,59,50.59,50.59,-6.73,-6.73
254,Maebaru,75,1553731887,67,33.55,33.55,16.11,15.0
255,Svetlaya,12,1553731948,97,46.54,46.54,-2.03,-2.03
256,Daru,64,1553731948,92,7.99,7.99,22.95,22.95
257,Novoagansk,88,1553731948,89,61.94,61.94,-0.23,-0.23
258,Staryy Nadym,36,1553731949,77,65.61,65.61,-7.88,-7.88
259,Khatanga,48,1553731949,79,71.98,71.98,-8.41,-8.41
260,Lampang,64,1553731213,78,18.29,18.29,24.44,24.0
261,Indianola,1,1553731226,26,40.24,40.24,25.0,21.11
262,Puerto Escondido,5,1553726700,41,15.86,15.86,33.0,33.0
263,Lorengau,56,1553731950,100,-2.02,-2.02,26.8,26.8
264,Tuktoyaktuk,90,1553727600,92,69.44,69.44,-1.0,-1.0
265,Jinchang,0,1553731687,75,38.52,38.52,-3.28,-3.28
266,Narsaq,0,1553727000,66,60.91,60.91,-10.0,-10.0
267,Meadville,75,1553731625,20,41.64,41.64,11.0,2.22
268,Kavaratti,24,1553731950,100,10.57,10.57,28.37,28.37
269,Laguna,90,1553726580,23,27.52,27.52,28.0,28.0
270,Greenville,1,1553732100,35,34.85,34.85,14.0,7.22
271,Victoria Point,90,1553731903,73,-27.58,-27.58,24.44,21.67
272,Bramming,80,1553731900,93,55.47,55.47,8.33,7.0
273,Achinsk,36,1553731904,74,56.27,56.27,-9.43,-9.43
274,Balakhta,12,1553731951,71,55.38,55.38,-8.21,-8.21
275,Beringovskiy,88,1553731952,100,63.05,63.05,-1.18,-1.18
276,Cap Malheureux,40,1553731745,78,-19.98,-19.98,27.0,25.0
277,Carballo,0,1553731929,44,43.21,43.21,12.78,6.67
278,San Jeronimo,56,1553731952,80,-13.65,-13.65,9.42,9.42
279,Bitung,20,1553729400,94,1.44,1.44,26.0,26.0
280,Pisco,20,1553727600,30,-13.71,-13.71,22.0,22.0
281,Kuala Terengganu,75,1553727600,94,5.33,5.33,26.0,25.56
282,Platanos,75,1553731849,93,35.47,35.47,15.0,14.0
283,San Angelo,20,1553731812,60,31.46,31.46,22.22,21.67
284,Yerofey Pavlovich,24,1553731953,55,53.97,53.97,-10.58,-10.58
285,Cave Spring,1,1553731744,36,37.23,37.23,10.0,4.44
286,Karratha,0,1553731916,96,-20.74,-20.74,24.27,24.27
287,Mecca,0,1553731671,76,21.43,21.43,10.92,10.92
288,Fereydun Kenar,68,1553731954,96,36.69,36.69,8.27,8.27
289,Aklavik,90,1553729880,74,68.22,68.22,2.0,2.0
290,Constitucion,40,1553731816,10,23.99,23.99,28.0,25.56
291,Umtata,0,1553727600,100,-31.59,-31.59,17.0,17.0
292,Marsa Matruh,0,1553727600,82,31.35,31.35,13.0,13.0
293,Mitsamiouli,20,1553727600,78,-11.38,-11.38,27.0,27.0
294,Genhe,8,1553731955,58,50.78,50.78,-11.63,-11.63
295,College,90,1553731939,74,64.86,64.86,6.11,3.0
296,Basco,90,1553731640,47,40.33,40.33,18.33,14.44
297,Businga,36,1553731956,86,3.34,3.34,24.27,24.27
298,Geraldton,75,1553729280,95,49.72,49.72,2.0,2.0
299,Iqaluit,90,1553727600,71,63.75,63.75,-15.0,-15.0
300,Sola,0,1553731926,74,62.78,62.78,-1.0,-1.67
301,East London,0,1553731948,99,-33.02,-33.02,23.77,23.77
302,Porto Velho,20,1553727600,83,-8.75,-8.75,27.0,27.0
303,Minden,40,1553731865,49,38.95,38.95,11.11,-2.78
304,Samarai,0,1553731957,98,-10.62,-10.62,28.77,28.77
305,Fort Nelson,20,1553727600,42,58.81,58.81,9.0,9.0
306,Lagoa,0,1553731938,67,37.14,37.14,15.0,10.56
307,Killarney,68,1553731863,81,-28.34,-28.34,25.0,17.22
308,Soe,0,1553731696,74,57.91,57.91,-0.57,-2.0
309,Sitka,0,1553731220,55,37.17,37.17,23.33,23.33
310,Astoria,90,1553731956,87,46.19,46.19,10.0,7.78
311,Katobu,32,1553731961,96,-4.94,-4.94,28.07,28.07
312,Abha,20,1553727600,87,18.22,18.22,16.0,15.0
313,Keuruu,0,1553731949,86,62.26,62.26,-2.0,-3.89
314,Hauterive,0,1553731271,69,46.09,46.09,3.0,2.0
315,Solone,75,1553729400,95,48.2,48.2,1.0,0.0
316,Limbe,32,1553731962,87,-15.81,-15.81,21.57,21.57
317,Allahabad,0,1553731963,48,25.44,25.44,18.82,18.82
318,Antofagasta,20,1553727600,77,-23.65,-23.65,19.0,19.0
319,Ouesso,48,1553731963,85,1.61,1.61,24.87,24.87
320,Tsiroanomandidy,12,1553731963,92,-18.77,-18.77,15.55,15.55
321,Kaeo,92,1553731687,80,-35.1,-35.1,21.67,21.67
322,Montrose,0,1553731640,25,-37.81,-37.81,24.44,18.89
323,Mount Isa,90,1553729400,78,-20.73,-20.73,23.0,23.0
324,Georgetown,40,1553727600,78,6.8,6.8,28.0,27.0
325,Saint-Lo,0,1553731315,93,49.12,49.12,5.0,3.89
326,Nishihara,75,1553731946,41,35.74,35.74,17.78,11.67
327,Richards Bay,0,1553731965,84,-28.77,-28.77,21.8,21.8
328,Luganville,64,1553731965,100,-15.51,-15.51,27.87,27.87
329,Morgan City,1,1553731937,49,29.7,29.7,21.11,18.89
330,Eyl,44,1553731965,100,7.98,7.98,25.32,25.32
331,Donskoye,40,1553729400,61,45.45,45.45,2.0,1.67
332,Chapais,90,1553727600,44,49.78,49.78,4.0,4.0
333,Kutum,0,1553731966,18,14.2,14.2,17.3,17.3
334,Ayna,0,1553731212,60,38.55,38.55,4.0,3.89
335,Sandwick,88,1553731798,100,54.57,54.57,8.89,3.89
336,Bell Ville,0,1553731815,65,-32.63,-32.63,17.62,17.62
337,Wajima,75,1553727600,100,37.4,37.4,3.0,3.0
338,Khorramabad,75,1553727600,93,33.48,33.48,6.0,5.0
339,Placido de Castro,24,1553731967,85,-10.34,-10.34,25.35,25.35
340,Katangli,68,1553731967,100,51.71,51.71,-6.43,-6.43
341,Takoradi,32,1553731761,100,4.89,4.89,27.45,27.45
342,Prainha,0,1553731967,85,-1.8,-1.8,26.55,26.55
343,Kholm,0,1553731968,71,57.15,57.15,-8.68,-8.68
344,Shimanovsk,0,1553731968,49,52.0,52.0,-7.41,-7.41
345,Sucua,90,1553727600,83,-2.46,-2.46,22.0,22.0
346,Laguna de Duero,0,1553731839,41,41.58,41.58,7.22,3.89
347,Khani,90,1553729400,87,41.96,41.96,8.0,8.0
348,Kiruna,76,1553728800,74,67.86,67.86,0.0,0.0
349,Tazovskiy,48,1553731969,90,67.47,67.47,-4.21,-4.21
350,Nova Olinda do Norte,8,1553731969,56,-3.89,-3.89,30.67,30.67
351,Harlingen,1,1553731691,69,26.19,26.19,26.0,21.67
352,Bollnas,0,1553731591,85,61.35,61.35,-3.33,-3.33
353,Mokokchung,20,1553731970,86,26.32,26.32,10.87,10.87
354,Provideniya,90,1553729400,92,64.42,64.42,-1.0,-1.0
355,Harper,90,1553731756,60,30.3,30.3,21.11,20.0
356,Tura,8,1553731970,93,25.52,25.52,15.02,15.02
357,San Quintin,0,1553731971,57,17.54,17.54,25.8,25.8
358,Sinnamary,76,1553731971,92,5.38,5.38,26.97,26.97
359,Methoni,75,1553731839,93,36.82,36.82,12.78,12.0
360,Sergeyevka,0,1553731971,63,53.88,53.88,-8.08,-8.08
361,Port-Gentil,40,1553727600,89,-0.72,-0.72,29.0,29.0
362,Cholet,0,1553731744,81,47.06,47.06,8.33,6.0
363,Yeniseysk,44,1553731972,81,58.45,58.45,-8.63,-8.63
364,Playas,56,1553731972,69,-2.64,-2.64,26.8,26.8
365,Clarence Town,40,1553731834,60,-32.59,-32.59,25.0,22.78
366,Cururupu,56,1553731973,94,-1.82,-1.82,25.2,25.2
367,Lakes Entrance,24,1553731829,75,-37.88,-37.88,16.67,16.67
368,Birchis,0,1553731200,37,45.97,45.97,1.11,1.0
369,Batagay,0,1553731973,66,67.65,67.65,-18.41,-18.41
370,Coos Bay,75,1553731821,54,43.37,43.37,15.0,13.33
371,Damietta,0,1553727600,77,31.42,31.42,16.0,16.0
372,Ust-Nera,12,1553731974,71,64.57,64.57,-17.06,-17.06
373,Laukaa,0,1553731844,86,62.42,62.42,-2.0,-6.67
374,Honiara,36,1553731974,82,-9.43,-9.43,27.6,27.6
375,Chernyshevskiy,76,1553731974,84,63.01,63.01,-7.88,-7.88
376,Vershino-Shakhtaminskiy,64,1553731975,55,51.3,51.3,-8.56,-8.56
377,Ormara,36,1553731975,83,25.21,25.21,22.12,22.12
378,Alihe,0,1553731975,48,50.57,50.57,-7.66,-7.66
379,Kotelnich,92,1553731975,100,58.31,58.31,-0.98,-0.98
380,Elko,75,1553731805,19,40.83,40.83,16.11,14.44
381,Rawson,0,1553731975,40,-43.3,-43.3,22.22,22.22
382,Borovoy,48,1553731976,88,63.23,63.23,-1.63,-1.63
383,Voi,64,1553731976,94,-3.4,-3.4,20.2,20.2
384,San Nicolas,0,1553731976,54,14.94,14.94,22.52,22.52
385,Breves,36,1553731976,98,-1.68,-1.68,24.82,24.82
386,Venustiano Carranza,5,1553731941,14,19.42,19.42,29.0,23.0
387,Codrington,92,1553731801,83,-28.95,-28.95,24.0,21.0
388,Santa Vitoria do Palmar,0,1553731977,85,-33.52,-33.52,16.77,16.77
389,Tabuk,0,1553731977,68,17.41,17.41,22.1,22.1
390,Shingu,75,1553727600,51,33.72,33.72,16.0,16.0
391,Golden,75,1553727600,64,51.3,51.3,9.0,9.0
392,Coahuayana,0,1553731978,17,18.62,18.62,29.72,29.72
393,Bumba,36,1553731978,92,2.18,2.18,24.22,24.22
394,Lanzhou,75,1553727600,40,36.06,36.06,2.0,2.0
395,Viedma,8,1553731978,42,-40.81,-40.81,19.95,19.95
396,Nanortalik,8,1553731979,100,60.14,60.14,-4.56,-4.56
397,Kinkala,48,1553727600,83,-4.35,-4.35,26.0,26.0
398,Grants,1,1553729700,10,35.15,35.15,21.0,21.0
399,Meulaboh,88,1553731979,100,4.14,4.14,26.72,26.72
400,Ust-Kuyga,20,1553731712,71,70.0,70.0,-19.16,-19.16
401,Nirmal,0,1553731979,73,19.09,19.09,21.92,21.92
402,Tottori,75,1553729400,100,35.5,35.5,9.0,7.0
403,Qena,0,1553727600,36,26.16,26.16,18.0,18.0
404,Lata,0,1553731980,68,30.78,30.78,7.85,7.85
405,Huarmey,32,1553731980,80,-10.07,-10.07,20.82,20.82
406,Wynyard,68,1553731980,93,51.77,51.77,2.22,2.22
407,Moose Factory,90,1553729940,56,51.26,51.26,6.0,6.0
408,Union,75,1553731723,41,47.36,47.36,15.56,11.11
409,Roald,80,1553731803,93,62.58,62.58,8.0,6.11
410,Houma,80,1553731982,53,35.63,35.63,10.42,10.42
411,Weiden,0,1553731930,86,49.81,49.81,5.0,0.0
412,Luderitz,0,1553731982,90,-26.65,-26.65,15.95,15.95
413,Kruisfontein,8,1553731982,70,-34.0,-34.0,17.97,17.97
414,Kaduqli,0,1553731983,25,11.01,11.01,20.07,20.07
415,San Roque,40,1553727600,77,0.3,0.3,18.0,18.0
416,Khammam,0,1553731984,91,17.25,17.25,21.3,21.3
417,Manado,20,1553729400,94,1.49,1.49,26.0,26.0
418,Yanam,8,1553731984,89,16.73,16.73,25.2,25.2
419,Arman,0,1553731984,61,59.7,59.7,-9.16,-9.16
420,Port Blair,32,1553731687,97,11.67,11.67,29.35,29.35
421,Amapa,20,1553731200,65,15.09,15.09,27.0,27.0
422,Oistins,40,1553727600,74,13.07,13.07,26.0,26.0
423,Bastia,0,1553731860,39,44.6,44.6,10.56,3.89
424,Maceio,75,1553727600,88,-9.67,-9.67,24.0,24.0
425,Tacna,40,1553727600,68,-18.01,-18.01,21.0,20.0
426,Muros,0,1553731929,75,42.77,42.77,15.56,6.67
427,Cotonou,12,1553731985,84,6.37,6.37,26.87,26.87
428,Hailar,24,1553731891,50,49.2,49.2,-9.33,-9.33
429,Constantine,40,1553729400,87,36.36,36.36,6.0,6.0
430,Ust-Koksa,0,1553731986,67,50.27,50.27,-14.41,-14.41
431,Udachnyy,44,1553731986,76,66.42,66.42,-6.88,-6.88
432,Cayenne,90,1553729400,74,4.94,4.94,27.0,27.0
433,Moshi,0,1553731986,76,-3.36,-3.36,20.82,20.82
434,Urla,0,1553730600,76,38.32,38.32,10.0,9.0
435,Cedral,64,1553731987,22,23.82,23.82,23.12,23.12
436,Kalulushi,8,1553731987,74,-12.84,-12.84,19.02,19.02
437,Troitsko-Pechorsk,8,1553731987,92,62.71,62.71,-1.33,-1.33
438,Usinsk,64,1553731987,83,66.0,66.0,-6.81,-6.81
439,Los Alamos,1,1553731982,13,35.88,35.88,23.89,16.67
440,Pacific Grove,75,1553731987,72,36.62,36.62,16.67,11.67
441,North Bend,75,1553731821,54,43.41,43.41,15.0,12.78
442,Itororo,88,1553731988,96,-15.12,-15.12,21.62,21.62
443,Toora-Khem,56,1553731989,88,52.47,52.47,-5.98,-5.98
444,Yenagoa,20,1553731989,88,4.92,4.92,25.92,25.92
445,Turka,20,1553731646,69,49.16,49.16,0.56,0.56
446,Garden City,75,1553731902,59,40.73,40.73,4.44,1.67
447,Belaya Kholunitsa,88,1553731990,92,58.84,58.84,-1.83,-1.83
448,Yulara,0,1553727600,26,-25.24,-25.24,21.0,21.0
449,Salihli,32,1553731990,89,38.48,38.48,1.6,1.6
450,Marystown,0,1553731262,100,47.17,47.17,-5.0,-5.0
451,Klaksvik,76,1553730600,87,62.23,62.23,8.0,8.0
452,Amlame,44,1553731991,87,7.47,7.47,24.6,24.6
453,Nouakchott,0,1553729400,88,18.08,18.08,18.0,18.0
454,Pipri,0,1553731991,71,24.21,24.21,16.2,16.2
455,Esperance,20,1553731808,78,10.24,10.24,26.0,25.0
456,Half Moon Bay,75,1553731806,62,37.46,37.46,17.22,12.78
457,Luwuk,64,1553731992,100,-0.95,-0.95,25.6,25.6
458,Yumen,32,1553731992,66,40.29,40.29,-3.63,-3.63
459,Shetpe,76,1553731992,92,44.14,44.14,3.07,3.07
460,Pangnirtung,24,1553731992,88,66.15,66.15,-19.93,-19.93
461,Namatanai,24,1553731992,97,-3.66,-3.66,28.62,28.62
462,Wojkowice,40,1553731978,91,50.37,50.37,5.0,1.0
463,Sarkand,24,1553731993,81,45.41,45.41,3.3,3.3
464,Christchurch,20,1553731688,63,-43.53,-43.53,17.22,15.0
465,Huangchuan,20,1553730841,58,24.57,24.57,15.0,12.0
466,Neuquen,0,1553727600,49,-38.95,-38.95,22.0,22.0
467,Gulariya,0,1553731993,71,28.2,28.2,14.52,14.52
468,Northam,0,1553731931,93,51.04,51.04,6.67,3.33
469,Konevo,24,1553731812,78,41.67,41.67,8.33,8.33
470,Martil,8,1553729400,67,35.62,35.62,15.0,14.0
471,Carauari,12,1553731789,88,-4.88,-4.88,27.1,27.1
472,Bridgend,0,1553731992,100,51.51,51.51,8.33,3.33
473,Dhidhdhoo,0,1553731994,100,6.88,6.88,28.8,28.8
474,Bonthe,0,1553731995,88,7.53,7.53,26.8,26.8
475,Adoni,20,1553731995,76,15.63,15.63,21.77,21.77
476,Ocos,20,1553731200,62,14.51,14.51,31.0,30.0
477,Te Anau,0,1553731995,65,-45.41,-45.41,13.85,13.85
478,Sabzevar,0,1553731996,81,36.21,36.21,4.52,4.52
479,Kurchum,0,1553731996,66,48.57,48.57,-9.18,-9.18
480,Mortka,56,1553731996,89,59.33,59.33,-1.91,-1.91
481,Dawson Creek,1,1553727600,33,55.76,55.76,8.0,7.0
482,Aguada de Pasajeros,8,1553727540,61,22.38,22.38,26.0,26.0
483,Formosa do Rio Preto,8,1553731997,87,-11.04,-11.04,23.22,23.22
484,Mao,75,1553731234,83,19.55,19.55,25.56,25.0
485,Husavik,0,1553731831,76,50.56,50.56,5.56,3.89
486,Pekan,75,1553727600,94,3.49,3.49,25.0,25.0
487,Khokhlovo,0,1553729400,74,50.71,50.71,-2.0,-2.0
488,Fare,88,1553731998,97,-16.7,-16.7,29.37,29.37
489,Komsomolskiy,68,1553731998,90,67.55,67.55,-4.98,-4.98
490,Sistranda,75,1553731865,93,63.73,63.73,7.78,7.0
491,Qaqortoq,12,1553727000,66,60.72,60.72,-10.0,-10.0
492,Xiongyue,0,1553731999,26,40.18,40.18,2.47,2.47
493,Palmerston,40,1553731802,26,43.83,43.83,6.67,3.33
494,Mata,75,1553727060,64,22.63,22.63,23.0,23.0
495,Ipira,68,1553731999,83,-27.41,-27.41,19.7,19.7
496,Lavrentiya,80,1553732000,96,65.58,65.58,0.2,0.2
497,Banjarmasin,20,1553729400,100,-3.32,-3.32,24.0,24.0
498,Santa Rosa del Sur,0,1553732000,70,7.96,7.96,28.82,28.82
499,Inhambane,8,1553732000,91,-23.87,-23.87,24.67,24.67
500,Punta Alta,0,1553727600,69,-27.46,-27.46,23.0,23.0
501,Nelson Bay,40,1553731834,60,-32.72,-32.72,25.0,23.0
502,Praia da Vitoria,75,1553731217,76,38.73,38.73,14.44,14.0
503,Gerash,0,1553732001,80,27.67,27.67,4.95,4.95
504,Arroyo,1,1553731980,22,41.39,41.39,10.0,3.89
505,Olonets,36,1553732001,83,60.98,60.98,-6.71,-6.71
506,Tasiilaq,24,1553727000,62,65.61,65.61,-6.0,-6.0
507,Elat,24,1553732002,82,2.91,2.91,22.05,22.05
508,Kulhudhuffushi,0,1553732002,100,6.62,6.62,28.8,28.8
509,Vostok,12,1553731729,53,46.45,46.45,-7.83,-7.83
510,Rio Branco,90,1553727600,100,-9.98,-9.98,23.0,23.0
511,Bilma,8,1553732003,34,18.69,18.69,16.57,16.57
512,Bulaevo,0,1553732003,63,54.91,54.91,-8.03,-8.03
513,Tete,76,1553732003,77,-16.16,-16.16,24.95,24.95
514,Antalaha,68,1553732003,99,-14.9,-14.9,25.17,25.17
515,Hornepayne,92,1553732004,95,49.22,49.22,2.12,2.12
516,Racine,75,1553731891,72,42.73,42.73,14.0,11.67
517,Alyangula,64,1553727600,74,-13.85,-13.85,28.0,28.0
518,Araouane,76,1553732004,54,18.9,18.9,26.05,26.05
519,Guerrero Negro,76,1553732004,61,27.97,27.97,18.62,18.62
520,Fairbanks,90,1553731802,74,64.84,64.84,5.0,3.0
521,Lamar,1,1553731315,15,38.09,38.09,27.0,25.56
522,Suclayin,80,1553732005,100,15.76,15.76,25.6,25.6
523,Havoysund,0,1553728800,69,71.0,71.0,3.0,3.0
524,Najran,5,1553727600,43,17.54,17.54,23.0,23.0
525,Surgut,0,1553729400,92,61.25,61.25,-2.0,-2.0
526,Pitimbu,90,1553727600,94,-7.47,-7.47,23.0,23.0
527,Borkenes,90,1553731205,86,68.77,68.77,4.44,0.56
528,Selikhino,68,1553732006,78,50.37,50.37,-7.53,-7.53
529,Castelldefels,0,1553731987,71,41.29,41.29,12.78,3.33
530,Ko Samui,20,1553729400,79,9.54,9.54,29.0,29.0
531,Mareeba,75,1553732006,70,-16.99,-16.99,32.22,25.56
532,Santa Lucia,40,1553731793,58,39.93,39.93,12.0,8.33
533,Dongsheng,92,1553732007,97,29.72,29.72,15.92,15.92
534,Priekule,90,1553728800,99,56.45,56.45,2.0,0.0
535,Prince Rupert,1,1553727600,44,54.32,54.32,15.0,15.0
536,Gwadar,0,1553732008,95,25.12,25.12,20.87,20.87
537,Ulaanbaatar,40,1553729400,54,47.92,47.92,-15.0,-15.0
538,Upernavik,56,1553732008,100,72.79,72.79,-15.63,-15.63
539,Pangkalanbuun,44,1553731955,96,-2.68,-2.68,24.55,24.55
0,68,AU,1553963110,90,-33.21,138.6,10.43,2.96
1,0,CA,1553962518,98,50.24,-117.8,0.0,0.86
2,32,LY,1553963111,100,32.77,22.64,14.13,11.71
3,48,MX,1553963111,93,21.28,-97.45,22.53,1.31
4,8,FO,1553961000,100,62.23,-6.59,0.0,8.2
5,88,RU,1553963111,80,61.92,63.02,0.98,5.81
6,40,PT,1553961600,72,38.52,-28.7,17.0,9.3
7,64,RU,1553963112,94,52.98,84.68,3.03,2.56
8,44,ID,1553963112,100,0.57,122.3,22.53,1.16
9,75,AU,1553963044,81,-37.81,145.34,12.78,5.1
10,80,GH,1553963113,100,4.89,-1.75,27.48,4.56
11,0,IN,1553963113,65,15.34,74.49,25.83,1.06
12,32,KZ,1553963113,93,51.09,54.08,-1.77,1.76
13,75,GL,1553961000,64,60.72,-46.03,2.0,3.1
14,20,EC,1553962639,74,-0.74,-90.35,28.0,4.6
15,0,BR,1553963114,68,-20.63,-46.0,25.58,2.91
16,68,PF,1553963114,97,-23.12,-134.97,26.43,9.86
17,75,CA,1553963080,79,62.45,-114.38,-4.0,6.7
18,88,ZA,1553963114,86,-33.59,26.89,21.83,5.16
19,88,ZA,1553963114,86,-33.59,26.89,21.83,5.16
20,100,CK,1553959800,94,-21.21,-159.78,24.0,8.7
21,32,RU,1553963114,83,66.83,70.83,-1.37,8.31
22,88,PF,1553963115,100,-9.8,-139.03,25.68,6.06
23,88,KI,1553963115,100,3.07,172.79,27.93,7.91
24,44,PG,1553963115,100,-6.22,155.63,25.48,1.86
25,20,GY,1553958000,79,6.8,-58.16,32.0,7.2
26,20,GY,1553958000,79,6.8,-58.16,32.0,7.2
27,1,US,1553963055,72,19.71,-155.08,18.33,2.6
28,0,EE,1553963116,90,59.1,26.19,4.58,3.11
29,0,RU,1553963116,67,71.98,102.47,-11.07,2.56
30,0,FR,1553962893,29,47.02,4.84,20.0,2.1
31,92,PG,1553963117,100,-4.34,152.27,26.18,2.66
32,75,CL,1553958000,77,-42.48,-73.76,16.0,3.1
33,40,MX,1553962816,17,23.99,-104.67,21.67,1.16
34,75,MX,1553962942,58,21.1,-87.49,28.0,6.2
35,75,MX,1553962942,58,21.1,-87.49,28.0,6.2
36,1,US,1553962735,44,26.14,-81.79,26.67,3.6
37,88,GL,1553963118,100,72.79,-56.15,-7.42,7.46
38,88,GL,1553963118,100,72.79,-56.15,-7.42,7.46
39,76,RU,1553963118,79,52.42,136.49,-8.42,1.21
40,90,RU,1553962948,93,64.73,177.51,0.56,11.0
41,1,US,1553963111,52,39.31,-74.98,23.33,4.1
42,40,CA,1553958000,68,55.74,-97.86,-4.0,6.2
43,40,ZA,1553962867,56,-33.93,18.42,23.0,6.2
44,8,NZ,1553962807,93,-46.19,168.86,12.22,1.21
45,20,AU,1553962935,75,-42.88,147.33,8.89,0.5
46,48,ZA,1553963152,15,-30.97,22.13,28.23,6.06
47,32,GM,1553963152,36,13.79,-15.05,32.78,8.01
48,8,AU,1553963124,28,-33.64,115.35,18.33,6.91
49,20,PF,1553963152,100,-16.48,-151.75,28.33,1.96
50,75,AR,1553958000,81,-54.81,-68.31,10.0,12.9
51,75,AR,1553958000,81,-54.81,-68.31,10.0,12.9
52,76,ZA,1553962653,89,-34.42,19.24,21.11,2.06
53,75,IE,1553962926,87,53.8,-9.52,10.0,5.1
54,48,IN,1553963153,81,30.78,78.62,8.53,0.91
55,0,CH,1553963143,20,47.59,7.56,21.67,1.5
56,40,BR,1553958000,54,-23.68,-45.44,26.0,1.5
57,8,YE,1553963154,22,14.4,46.47,25.08,3.51
58,75,IE,1553962926,66,54.11,-9.15,9.0,6.2
59,80,BR,1553963154,99,-1.2,-46.02,26.03,3.11
60,12,RU,1553963046,85,66.42,112.4,-7.57,2.31
61,75,CA,1553961600,92,68.22,-135.01,-5.0,1.5
62,76,AU,1553963155,96,-23.58,149.07,20.43,3.81
63,40,GL,1553961000,62,65.61,-37.64,-4.0,2.6
64,90,US,1553963110,100,42.08,-78.43,16.11,7.2
65,90,US,1553963111,100,39.95,-94.76,2.78,7.2
66,75,CA,1553958000,86,65.28,-126.83,-3.0,2.6
67,75,CA,1553958000,86,65.28,-126.83,-3.0,2.6
68,68,ZA,1553962653,73,-34.53,20.04,22.0,4.6
69,20,US,1553963068,88,20.89,-156.47,19.44,3.6
70,88,RU,1553963013,87,64.48,76.69,0.56,1.79
71,75,BR,1553958000,83,-3.3,-60.62,25.0,1.0
72,75,BR,1553958000,83,-3.3,-60.62,25.0,1.0
73,92,BS,1553963157,100,24.9,-76.2,21.68,6.41
74,0,FI,1553962881,51,64.81,26.0,3.89,8.7
75,0,FI,1553962881,51,64.81,26.0,3.89,8.7
76,75,CL,1553962948,66,-53.16,-70.91,12.0,7.2
77,8,MV,1553963157,100,2.67,72.89,29.33,1.91
78,8,MV,1553963157,100,2.67,72.89,29.33,1.91
79,8,MV,1553963157,100,2.67,72.89,29.33,1.91
80,8,MV,1553963157,100,2.67,72.89,29.33,1.91
81,1,US,1553962574,77,22.08,-159.32,18.0,3.6
82,20,TR,1553959800,70,41.19,40.99,7.0,1.5
83,48,PT,1553962605,39,40.36,-7.35,19.44,0.89
84,80,RU,1553963158,93,73.51,80.55,-1.57,12.86
85,12,MV,1553963158,100,-0.6,73.08,29.33,3.01
86,12,MV,1553963158,100,-0.6,73.08,29.33,3.01
87,92,GL,1553963159,100,60.14,-45.24,-1.32,10.16
88,90,CA,1553963120,100,45.36,-73.48,2.78,4.6
89,56,ID,1553963159,94,-0.91,122.88,26.18,1.81
90,8,RU,1553963159,83,58.2,68.25,-0.27,6.81
91,0,AR,1553962920,46,-46.43,-67.52,18.08,4.66
92,20,FO,1553961000,100,62.16,-7.17,0.0,8.2
93,75,BR,1553962694,74,-3.71,-38.6,30.0,5.1
94,75,IN,1553962508,38,28.58,77.04,33.33,1.5
95,20,NG,1553963160,17,10.31,9.75,37.88,2.71
96,0,ZA,1553963161,23,-30.99,26.32,25.53,2.91
97,0,CV,1553963144,90,14.9,-24.5,22.38,9.16
98,0,CV,1553963144,90,14.9,-24.5,22.38,9.16
99,0,CA,1553963133,49,50.56,-96.99,-1.11,1.79
100,0,RU,1553963161,75,71.64,128.87,-11.32,3.81
101,20,UY,1553962525,61,-34.68,-56.22,26.11,2.1
102,0,PK,1553963162,36,28.65,70.66,25.18,1.41
103,8,RU,1553963162,81,56.45,36.57,8.28,5.86
104,32,ML,1553963162,21,14.74,-6.12,41.38,2.71
105,75,CY,1553962601,77,34.92,32.53,15.0,3.1
106,75,CY,1553962601,77,34.92,32.53,15.0,3.1
107,24,PE,1553963163,73,-11.1,-77.61,23.68,2.11
108,32,IN,1553963163,51,17.67,80.89,29.28,3.61
109,32,IN,1553963163,51,17.67,80.89,29.28,3.61
110,8,NG,1553963163,17,10.52,9.86,39.18,2.06
111,0,AR,1553958000,34,-45.87,-67.48,20.0,8.2
112,80,NZ,1553963164,100,-35.17,173.16,18.13,3.96
113,20,RU,1553963135,86,59.7,30.79,8.0,6.0
114,20,AU,1553963115,75,-43.03,147.26,8.89,0.5
115,68,RU,1553963164,99,50.68,156.12,-1.67,7.21
116,20,JP,1553961863,54,33.93,134.5,13.0,7.2
117,0,SN,1553961600,47,14.69,-16.54,26.0,9.3
118,75,CA,1553961600,84,70.47,-68.59,-17.0,12.9
119,24,BR,1553963165,70,-30.17,-50.22,27.03,2.61
120,0,PE,1553958000,30,-13.71,-76.2,22.0,4.1
121,75,PF,1553962943,65,-17.57,-149.87,27.0,2.6
122,20,LK,1553958600,88,6.12,81.12,28.0,2.6
123,68,NA,1553963166,86,-26.65,15.16,21.33,5.61
124,68,NA,1553963166,86,-26.65,15.16,21.33,5.61
125,12,CN,1553963167,70,47.83,88.13,-3.67,1.01
126,40,NO,1553963102,81,58.89,5.65,7.0,6.2
127,75,CA,1553962926,80,60.72,-135.06,2.22,1.5
128,0,IS,1553963169,100,64.25,-15.21,-1.77,0.61
129,0,FR,1553963151,35,45.6,-0.6,21.11,3.6
130,75,US,1553962864,62,42.65,-73.75,16.67,8.2
131,92,JP,1553963014,78,36.66,137.31,10.56,1.41
132,0,IN,1553962937,61,24.27,87.25,26.73,2.06
133,75,BR,1553958000,52,-15.89,-52.26,34.0,2.56
134,0,CN,1553963170,68,43.61,122.27,-4.92,2.56
135,20,SE,1553962999,61,59.76,18.7,10.0,10.3
136,20,MX,1553962597,58,15.74,-96.47,30.56,4.1
137,75,CA,1553961600,34,47.85,-83.4,3.0,2.6
138,75,US,1553963160,53,33.19,-82.53,23.33,5.7
139,90,BR,1553958000,100,-7.52,-72.89,24.0,1.66
140,75,GL,1553961000,68,64.17,-51.74,-3.0,6.7
141,40,US,1553962945,54,31.46,-103.39,12.22,5.1
142,92,RU,1553963172,92,64.42,-173.23,0.88,9.56
143,0,CN,1553958000,28,40.71,112.04,-2.0,5.0
144,0,IN,1553963173,40,28.07,74.62,27.48,3.16
145,76,MZ,1553962902,100,-16.23,39.91,27.28,8.26
146,90,NO,1553963119,94,69.65,18.96,0.0,6.7
147,100,IN,1553963173,78,27.93,96.16,16.43,0.76
148,100,IN,1553963173,78,27.93,96.16,16.43,0.76
149,12,NU,1553961600,100,-19.06,-169.92,22.0,2.76
150,0,NA,1553958000,14,-26.57,18.15,31.0,3.1
151,36,CN,1553963174,23,35.63,111.36,5.83,2.21
152,75,CA,1553961600,51,49.72,-86.95,-11.0,6.2
153,75,CA,1553961600,51,49.72,-86.95,-11.0,6.2
154,90,US,1553963125,71,43.05,-76.15,15.0,6.7
155,75,EC,1553962571,72,-0.39,-78.55,19.0,5.1
156,1,US,1553963154,55,34.64,-120.46,17.22,5.1
157,80,ID,1553963175,100,-8.11,115.08,22.68,0.26
158,12,AU,1553963175,61,-20.74,116.85,25.98,1.11
159,90,US,1553962860,100,55.34,-131.65,5.0,2.1
160,0,CA,1553963175,50,48.76,-91.62,-7.77,3.76
161,0,RU,1553963176,62,52.51,99.83,-15.32,0.86
162,0,DK,1553963112,62,55.97,11.85,15.0,6.2
163,75,BR,1553962752,65,-20.67,-40.5,27.22,7.2
164,0,IN,1553963176,100,11.67,92.75,29.43,1.26
165,24,EG,1553958000,17,24.09,32.9,25.0,8.7
166,92,ZA,1553963177,89,-28.55,16.43,16.53,7.91
167,0,IN,1553963177,89,14.28,74.45,26.78,1.06
168,0,RU,1553963177,74,66.77,123.37,-14.57,1.06
169,0,RU,1553963177,74,66.77,123.37,-14.57,1.06
170,75,ES,1553963166,68,28.66,-17.92,18.0,2.6
171,92,RU,1553963178,91,65.58,-170.99,1.08,10.76
172,20,AU,1553963175,75,-42.78,147.06,8.89,0.5
173,0,AU,1553963066,60,-28.95,153.24,20.0,6.2
174,80,RU,1553963178,82,70.62,147.9,-8.67,5.86
175,80,RU,1553963178,82,70.62,147.9,-8.67,5.86
176,12,RU,1553963178,80,54.46,64.85,1.08,5.91
177,1,US,1553963148,47,28.33,-82.68,26.67,3.1
178,64,RU,1553963179,93,55.93,158.7,-10.67,0.86
179,1,US,1553963158,54,41.69,-98.0,1.67,5.7
180,76,KZ,1553963179,96,43.35,52.85,3.23,5.26
181,20,UY,1553958000,69,-34.91,-54.96,25.0,3.6
182,88,RU,1553963180,92,65.53,72.51,0.58,6.71
183,44,BR,1553963180,100,-15.23,-59.33,26.08,1.91
184,44,BR,1553963180,100,-15.23,-59.33,26.08,1.91
185,20,NZ,1553962996,93,-39.94,176.59,11.67,1.96
186,44,PH,1553963180,94,12.22,125.48,24.93,3.66
187,0,RU,1553963181,70,50.61,105.32,-6.27,1.21
188,48,PT,1553963181,26,41.42,-6.55,19.33,2.06
189,0,IT,1553963164,22,45.18,8.4,21.67,1.5
190,24,ZM,1553963181,85,-10.55,32.07,21.83,2.31
191,0,FI,1553963180,60,61.48,23.51,5.56,4.1
192,90,EC,1553958000,88,0.61,-80.02,27.0,1.0
193,80,CA,1553963182,82,60.75,-137.51,-6.67,0.86
194,80,CA,1553963182,82,60.75,-137.51,-6.67,0.86
195,75,AU,1553958000,93,-37.83,140.78,12.0,4.6
196,75,AU,1553958000,93,-37.83,140.78,12.0,4.6
197,75,AU,1553959800,69,-15.77,128.74,26.0,1.5
198,68,US,1553963107,59,40.25,-103.8,3.0,6.2
199,75,GL,1553961000,73,69.22,-51.1,-4.0,4.1
200,75,GL,1553961000,73,69.22,-51.1,-4.0,4.1
201,75,NG,1553958000,83,5.43,7.07,26.0,2.1
202,0,CN,1553963183,62,39.73,98.49,-6.22,1.11
203,0,MM,1553959800,83,17.34,96.48,28.0,2.1
204,48,RU,1553963184,75,68.75,161.3,-17.77,1.16
205,0,BR,1553958000,61,-28.24,-48.67,26.0,5.7
206,5,MX,1553962805,38,22.89,-109.91,27.22,1.5
207,40,MU,1553963043,74,-20.21,57.76,27.0,1.91
208,40,MG,1553961600,73,-18.32,47.12,22.0,2.6
209,40,MG,1553961600,73,-18.32,47.12,22.0,2.6
210,12,AO,1553963185,93,-15.19,12.15,27.18,1.31
211,0,CL,1553963185,71,-37.96,-72.44,16.43,2.66
212,20,ES,1553963104,76,43.48,-8.23,20.0,4.1
213,0,PH,1553962564,84,8.0,124.29,22.22,2.68
214,75,JP,1553963106,93,35.74,139.53,10.0,4.6
215,92,KM,1553963186,100,-12.28,43.74,28.93,5.11
216,0,CD,1553963186,56,-9.2,25.85,30.38,4.11
217,0,AU,1553958000,34,-25.24,130.99,19.0,3.6
218,20,CL,1553958000,64,-23.65,-70.4,20.0,4.1
219,20,GH,1553958000,66,5.79,0.9,33.0,6.7
220,8,RU,1553963187,77,61.57,31.48,1.83,7.66
221,75,GB,1553963180,62,52.47,1.45,17.22,4.1
222,24,JP,1553963187,100,24.8,125.28,22.83,7.51
223,0,PH,1553963187,80,11.0,122.67,24.68,4.81
224,88,ML,1553963188,19,20.2,1.01,36.53,3.81
225,0,AR,1553963188,54,-38.31,-60.23,28.23,4.86
226,90,CA,1553960820,93,50.7,-127.42,5.0,1.21
227,24,TL,1553963188,90,-8.93,125.41,20.73,0.41
228,75,BR,1553958000,70,-5.2,-35.46,31.0,4.1
229,12,US,1553963109,67,39.52,-111.59,5.0,1.21
230,90,CA,1553961120,100,54.32,-130.32,3.0,2.1
231,20,IT,1553963146,42,40.21,16.68,20.0,5.7
232,80,PG,1553963189,95,-3.55,143.63,25.38,0.86
233,20,IT,1553963151,71,38.07,13.27,15.0,3.6
234,0,NE,1553963190,23,18.74,7.39,36.63,3.81
235,92,ID,1553963190,96,-8.45,120.42,23.03,1.21
236,40,US,1553961180,92,60.79,-161.76,-3.0,2.6
237,64,RU,1553963191,81,71.97,114.09,-5.92,4.46
238,75,BM,1553962643,83,32.3,-64.78,22.0,7.7
239,80,AU,1553963190,84,-35.12,139.28,15.56,3.58
240,32,AU,1553959800,73,-14.47,132.26,23.0,2.1
241,24,RU,1553963192,93,53.23,41.37,1.58,4.91
242,0,NE,1553963192,11,13.21,12.02,40.33,6.06
243,76,CD,1553963192,79,-3.52,23.6,26.03,1.41
244,75,AU,1553963190,67,-35.55,138.62,17.0,7.2
245,75,CA,1553958000,92,69.44,-133.03,-8.0,7.2
246,40,US,1553962567,63,47.91,-97.06,-2.0,5.1
247,20,HN,1553963117,54,15.09,-87.97,30.0,2.6
248,20,MR,1553958000,98,20.52,-13.05,25.0,4.1
249,1,US,1553963114,93,43.41,-124.22,9.44,1.46
250,32,ES,1553962592,27,41.76,-2.46,13.89,1.34
251,0,PK,1553963194,57,31.03,73.13,21.73,4.56
252,0,PK,1553963194,57,31.03,73.13,21.73,4.56
253,40,NO,1553963102,75,59.36,5.22,7.0,8.2
254,40,IL,1553963170,67,31.8,34.94,17.0,10.8
255,48,RU,1553959800,48,43.63,44.06,8.0,1.46
256,48,RU,1553959800,48,43.63,44.06,8.0,1.46
257,64,BR,1553963195,100,-17.73,-39.27,26.18,7.61
258,44,JP,1553963195,90,37.4,136.9,9.48,6.26
259,76,RU,1553963195,92,69.7,170.27,-17.27,2.96
260,0,GL,1553963195,82,77.48,-69.36,-21.12,3.01
261,75,BR,1553961600,70,-9.87,-56.08,30.0,1.5
262,75,JM,1553961600,83,17.88,-76.41,25.0,3.6
263,92,ID,1553963196,80,-2.54,112.95,27.08,2.91
264,0,ZW,1553963196,29,-16.82,29.68,29.48,4.51
265,40,JP,1553963116,87,35.17,136.87,10.0,2.6
266,75,DZ,1553961600,32,27.87,-0.29,29.0,8.2
267,40,BR,1553961600,65,-22.97,-42.02,27.0,2.1
268,20,US,1553963141,53,33.21,-87.57,23.33,7.2
269,68,CL,1553963197,93,-26.39,-70.05,17.23,0.71
270,68,CL,1553963197,93,-26.39,-70.05,17.23,0.71
271,92,SB,1553963197,100,-10.46,161.92,28.43,5.51
272,92,SB,1553963197,100,-10.46,161.92,28.43,5.51
273,12,NZ,1553962807,93,-46.13,167.69,12.22,4.26
274,92,RU,1553963198,89,66.32,-179.17,-5.27,1.06
275,0,CN,1553963198,45,25.49,103.8,14.78,3.86
276,90,CA,1553962922,71,63.75,-68.52,-14.0,2.6
277,0,AU,1553963104,80,-31.43,152.91,15.0,2.1
278,36,ZM,1553963199,50,-12.29,33.17,27.43,3.41
279,0,RU,1553963199,56,68.54,146.19,-20.97,1.41
280,64,RU,1553963199,81,50.72,136.64,-9.67,1.11
281,0,RU,1553963199,59,62.72,147.95,-22.92,1.41
282,40,MU,1553963043,74,-20.41,57.7,27.0,1.91
283,40,ET,1553958000,40,8.96,38.73,21.0,6.2
284,32,RU,1553963200,87,58.04,65.27,0.58,8.61
285,64,PG,1553963200,100,-2.57,150.8,28.33,2.86
286,64,MG,1553963200,97,-13.19,49.05,24.33,1.26
287,90,AU,1553963100,94,-20.01,148.25,25.0,1.96
288,40,US,1553962981,72,21.35,-158.09,21.0,2.1
289,90,CA,1553963009,93,47.66,-52.73,7.78,1.0
290,75,NC,1553961600,78,-22.28,166.46,23.0,1.0
291,75,NC,1553961600,78,-22.28,166.46,23.0,1.0
292,12,CM,1553963201,55,3.52,15.05,31.58,1.31
293,92,SE,1553963167,93,60.15,16.18,9.0,4.1
294,0,AR,1553962880,39,-38.55,-58.74,30.56,2.24
295,68,BR,1553963202,84,-2.54,-57.76,27.73,1.26
296,44,RU,1553963202,74,69.38,178.42,-17.52,0.81
297,75,ZA,1553961600,83,-33.02,27.91,21.0,4.6
298,80,ZA,1553963202,24,-31.47,19.78,24.93,4.46
299,8,CN,1553963044,9,39.23,106.34,4.44,0.89
300,75,CL,1553963003,49,-33.44,-70.65,25.0,1.5
301,75,TT,1553962552,62,10.24,-61.45,30.0,7.2
302,75,TT,1553962552,62,10.24,-61.45,30.0,7.2
303,75,JP,1553963187,87,36.58,137.08,10.56,2.6
304,80,BR,1553963203,97,-2.92,-39.92,27.83,2.91
305,32,ID,1553963204,98,3.3,117.63,27.08,2.86
306,0,ZA,1553963087,28,-29.57,30.18,22.22,1.51
307,20,NO,1553961000,72,78.22,15.63,-9.0,2.6
308,90,SE,1553961000,86,59.83,12.54,8.0,3.6
309,75,PW,1553961000,88,7.04,134.26,25.0,5.01
310,0,ES,1553963194,63,38.18,-1.13,16.67,8.7
311,0,ES,1553963194,63,38.18,-1.13,16.67,8.7
312,20,NZ,1553963205,99,-42.72,170.96,15.98,2.96
313,20,PT,1553961600,63,33.08,-16.33,18.0,7.2
314,0,SO,1553963205,77,5.35,48.53,27.88,6.06
315,75,BN,1553959800,83,5.28,115.24,28.0,2.6
316,40,MU,1553963043,74,-20.34,57.76,27.0,1.91
317,75,GL,1553961000,73,68.82,-51.19,-4.0,4.1
318,0,RU,1553963206,48,67.65,134.64,-22.62,1.26
319,75,JP,1553963079,100,35.73,140.83,7.22,5.1
320,20,ET,1553963207,52,8.25,34.59,28.03,1.01
321,0,MN,1553963207,67,49.49,105.92,-7.57,1.26
322,20,MK,1553961600,13,41.28,20.71,16.0,4.1
323,20,MK,1553961600,13,41.28,20.71,16.0,4.1
324,90,US,1553963192,73,30.04,-94.42,24.0,2.6
325,64,RU,1553963208,74,54.72,135.31,-8.32,1.86
326,0,BO,1553963208,70,-18.83,-63.47,26.53,1.21
327,0,BO,1553963208,70,-18.83,-63.47,26.53,1.21
328,12,ET,1553963208,79,6.99,35.58,22.23,0.91
329,0,MN,1553963208,68,47.25,107.54,-12.17,1.96
330,0,MN,1553963208,68,47.25,107.54,-12.17,1.96
331,1,US,1553963106,93,40.8,-124.16,10.56,1.76
332,88,MX,1553963209,92,27.97,-114.04,15.38,2.96
333,88,MX,1553963209,92,27.97,-114.04,15.38,2.96
334,0,ZA,1553963210,27,-27.76,29.92,26.53,2.31
335,40,GR,1553962999,50,39.45,22.34,15.0,5.1
336,75,GB,1553963165,93,54.91,-1.38,13.0,5.7
337,32,UY,1553963211,92,-33.69,-53.46,24.58,3.11
338,88,NO,1553963163,81,59.65,6.35,6.67,0.89
339,32,RU,1553959800,48,43.76,44.23,8.0,1.51
340,92,RU,1553963211,91,57.58,83.76,1.63,4.16
341,88,CA,1553963212,65,49.69,-83.67,-10.82,4.26
342,32,AR,1553963212,88,-22.73,-64.34,24.53,1.01
343,0,AU,1553963161,72,-37.88,147.99,10.56,0.45
344,0,CH,1553963134,48,46.32,7.99,18.33,5.7
345,24,RU,1553958000,33,62.21,34.27,7.0,7.0
346,88,CN,1553963213,47,46.32,132.2,-2.57,2.46
347,88,NO,1553963213,100,70.86,29.09,0.78,7.61
348,40,ZA,1553961600,77,-33.4,25.44,20.0,7.2
349,1,CA,1553961600,48,53.65,-115.58,6.0,2.6
350,0,BF,1553963213,24,12.18,-4.08,40.78,2.71
351,0,BF,1553963213,24,12.18,-4.08,40.78,2.71
352,48,KH,1553963214,88,13.59,102.97,24.23,0.86
353,75,BR,1553961600,61,-21.64,-41.05,27.0,2.6
354,0,RU,1553958000,63,53.19,158.38,-3.0,3.0
355,92,CO,1553963214,99,2.89,-72.13,23.53,2.01
356,1,US,1553963200,49,34.88,-76.9,24.44,6.2
357,75,CA,1553963011,48,50.2,-66.38,-4.44,3.1
358,12,UG,1553963215,56,0.3,32.05,27.98,1.06
359,0,RU,1553959800,53,47.27,39.86,10.0,5.0
360,0,GB,1553962945,51,51.82,-0.81,18.89,1.0
361,0,PT,1553963107,52,37.14,-8.45,22.22,4.6
362,0,PT,1553963107,52,37.14,-8.45,22.22,4.6
363,88,RU,1553963216,83,63.91,38.09,1.18,8.26
364,88,NO,1553961000,51,62.57,11.38,3.0,3.1
365,5,MX,1553960400,45,16.38,-93.6,29.0,1.5
366,1,US,1553962896,16,34.47,-114.34,20.0,3.1
367,8,PK,1553963216,25,24.48,68.99,30.03,2.11
368,8,PK,1553963216,25,24.48,68.99,30.03,2.11
369,8,PK,1553963216,25,24.48,68.99,30.03,2.11
370,40,HN,1553961600,58,15.0,-83.23,28.0,1.91
371,75,GL,1553961000,64,60.91,-46.05,2.0,3.1
372,0,CR,1553961600,41,10.15,-85.45,33.0,1.5
373,36,KE,1553963217,29,-0.46,39.64,36.68,3.11
374,0,CN,1553963217,69,40.29,97.04,0.73,2.41
375,20,MG,1553961600,88,-15.72,46.32,28.0,2.1
376,36,VU,1553958000,88,-19.55,169.27,23.0,1.5
377,0,BR,1553963218,67,-20.25,-47.48,26.93,3.51
378,0,NZ,1553963081,95,-45.87,170.5,14.44,1.51
379,48,RU,1553963218,91,57.46,48.54,1.78,5.61
380,48,RU,1553963218,91,57.46,48.54,1.78,5.61
381,48,RU,1553963218,91,57.46,48.54,1.78,5.61
382,44,PH,1553963218,94,12.18,125.51,24.93,3.66
383,20,IN,1553960355,74,10.77,75.93,29.0,2.1
384,75,IE,1553961600,58,51.89,-8.4,12.0,1.5
385,20,MY,1553963219,98,5.02,118.33,24.28,1.66
386,40,AU,1553960460,94,-23.13,150.74,24.0,2.6
387,64,MG,1553963219,89,-14.9,50.28,27.48,2.61
388,1,US,1553962865,86,45.22,-112.64,1.11,1.06
389,12,PL,1553963122,61,53.8,17.98,16.67,5.81
390,12,GA,1553963220,99,-1.57,9.26,29.23,3.41
391,0,AU,1553962898,66,-35.71,150.18,10.0,5.61
392,20,CA,1553958000,41,50.23,-63.6,-6.0,3.1
393,0,AR,1553963220,41,-43.3,-65.11,22.38,2.86
394,92,RU,1553963221,87,65.8,87.96,0.23,8.76
395,20,PL,1553963221,71,54.46,17.03,10.53,5.71
396,76,RU,1553963221,81,55.82,88.58,5.83,6.46
397,76,RU,1553963221,81,55.82,88.58,5.83,6.46
398,24,CA,1553963221,79,54.23,-125.76,-4.77,0.96
399,0,NZ,1553963210,93,-43.53,172.64,16.11,5.7
400,64,CN,1553963222,51,49.28,120.73,-9.82,1.66
401,0,AU,1553963106,50,-34.58,150.85,13.33,7.7
402,90,CA,1553958000,56,66.15,-65.72,-10.0,7.7
403,44,ML,1553963222,43,22.68,-3.98,28.83,7.81
404,90,CA,1553962882,58,49.19,-98.1,-1.67,4.1
405,68,TH,1553958000,70,15.24,105.23,29.0,1.5
406,75,PE,1553958000,62,-14.91,-69.87,12.0,0.5
407,0,ML,1553963223,24,13.3,-4.9,41.03,2.21
408,0,AR,1553961600,32,-41.13,-71.31,19.0,2.1
409,75,NO,1553962570,93,62.91,6.91,2.0,6.7
410,0,NE,1553963224,14,18.69,12.92,35.53,6.46
411,92,PG,1553963224,97,-6.29,145.87,18.03,0.71
412,75,CY,1553962601,77,35.04,32.42,15.0,3.1
413,32,TZ,1553963224,74,-5.18,38.79,30.03,4.46
414,0,ZW,1553963224,28,-17.36,30.19,29.68,3.86
415,64,NA,1553961726,30,-22.95,14.51,30.0,7.2
416,0,ZA,1553963225,31,-27.43,29.16,24.98,1.16
417,64,GM,1553963225,33,13.57,-15.6,33.28,7.36
418,20,ES,1553963035,76,43.27,-7.54,18.89,4.1
419,90,MA,1553961600,82,35.17,-2.93,16.0,4.1
420,56,US,1553963217,60,33.83,-87.28,23.33,3.01
421,0,KZ,1553959800,82,52.04,76.93,0.0,4.0
422,1,US,1553962945,80,61.22,-149.89,0.0,3.1
423,20,BR,1553963226,100,-8.26,-49.26,28.53,2.06
424,20,BR,1553963226,100,-8.26,-49.26,28.53,2.06
425,92,AU,1553963226,91,-34.72,135.86,17.18,6.91
426,75,MY,1553958000,83,5.84,118.12,27.0,1.5
427,0,ZA,1553963227,75,-34.0,24.73,18.73,3.86
428,8,PA,1553963227,98,9.44,-78.59,27.03,6.26
429,8,PA,1553963227,98,9.44,-78.59,27.03,6.26
430,75,CL,1553958000,77,-41.87,-73.83,16.0,3.1
431,100,BR,1553963228,100,-0.61,-47.36,24.98,4.36
432,100,BR,1553963228,100,-0.61,-47.36,24.98,4.36
433,100,BR,1553963228,100,-0.61,-47.36,24.98,4.36
434,76,CO,1553963228,95,8.5,-73.35,21.43,1.01
435,76,CO,1553963228,95,8.5,-73.35,21.43,1.01
436,0,RU,1553963228,81,52.73,58.89,-2.32,5.56
437,40,OM,1553961000,78,17.01,54.1,27.0,2.1
438,88,RU,1553963229,84,59.44,112.57,-3.82,1.16
439,8,BO,1553963229,76,-14.86,-66.75,28.48,0.71
440,12,VE,1553963230,64,11.69,-70.21,29.53,6.01
441,80,RU,1553963230,94,66.0,57.56,0.38,5.36
442,68,VE,1553963037,70,10.21,-67.56,27.58,1.01
443,20,PE,1553963231,52,-10.67,-76.77,12.73,1.11
444,90,US,1553962696,86,38.4,-96.18,4.0,8.2
445,40,SA,1553961600,34,17.54,44.22,28.0,6.2
446,48,KZ,1553963232,66,47.65,53.35,6.08,1.91
447,64,RU,1553963233,50,58.38,97.46,1.73,3.91
448,36,BR,1553963089,47,-21.2,-42.61,28.89,1.34
449,90,US,1553963176,73,29.7,-91.21,25.56,7.2
450,90,US,1553963176,73,29.7,-91.21,25.56,7.2
451,12,BR,1553963234,100,-3.28,-39.27,27.43,1.91
452,40,RU,1553959800,86,53.6,91.39,5.0,3.0
453,0,ZM,1553963235,33,-13.55,23.12,30.58,5.41
454,12,MN,1553963235,51,46.68,113.28,-10.07,3.01
455,64,PH,1553963236,99,15.44,119.9,24.23,1.96
456,92,GF,1553963236,90,5.38,-52.96,27.73,4.86
457,48,SB,1553963236,100,-9.43,159.96,22.48,1.21
458,48,SB,1553963236,100,-9.43,159.96,22.48,1.21
459,12,GB,1553963226,62,51.59,-3.0,17.22,1.5
460,75,GF,1553959800,62,4.94,-52.33,31.0,5.1
461,44,BR,1553963237,86,-1.71,-47.89,28.18,1.61
462,0,CL,1553958000,58,-45.58,-72.07,13.0,12.9
463,0,AE,1553961600,28,24.47,54.37,29.0,3.1
464,12,RU,1553963238,68,60.06,71.48,1.43,5.46
465,44,CN,1553963238,85,43.3,128.5,-5.02,2.01
466,8,PY,1553963238,61,-26.98,-56.83,30.88,2.31
467,8,PY,1553963238,61,-26.98,-56.83,30.88,2.31
468,36,ID,1553963239,100,-0.92,100.36,26.63,2.76
469,75,CY,1553963156,93,34.88,33.59,16.0,3.6
470,0,DE,1553963225,69,48.31,10.61,18.33,1.5
471,75,JP,1553962695,70,35.55,133.23,9.0,8.2
472,20,IN,1553963242,39,17.7,74.16,27.33,3.91
473,20,IN,1553963242,39,17.7,74.16,27.33,3.91
474,76,GH,1553963242,100,4.87,-2.24,26.18,6.36
475,75,AU,1553963190,67,-34.85,139.16,17.0,7.2
476,0,NZ,1553963235,76,-46.28,169.85,13.89,1.79
477,40,CO,1553962595,70,10.74,-74.98,30.56,4.1
478,0,AF,1553963243,50,32.93,66.63,1.78,0.66
479,0,RU,1553963243,56,51.98,116.59,-9.42,2.11
480,92,CO,1553963243,99,-0.19,-74.78,23.58,1.41
481,40,KY,1553961603,62,19.28,-81.25,29.0,5.7
482,80,SA,1553963244,63,25.02,37.27,25.53,5.31
483,80,SA,1553963244,63,25.02,37.27,25.53,5.31
484,0,AU,1553959800,45,-20.73,139.49,20.0,6.2
485,90,RU,1553963120,86,56.73,85.44,3.0,5.0
486,90,RU,1553963120,86,56.73,85.44,3.0,5.0
487,90,RU,1553963120,86,56.73,85.44,3.0,5.0
488,75,TR,1553961000,86,39.91,41.27,-1.0,4.6
489,1,US,1553963117,85,64.86,-147.8,-3.33,2.1
490,1,US,1553962924,92,60.55,-151.26,0.56,1.5
491,0,KE,1553961600,39,1.75,40.07,35.0,1.5
492,0,KE,1553961600,39,1.75,40.07,35.0,1.5
493,20,MZ,1553961600,78,-23.86,35.35,27.0,4.1
494,88,RU,1553963245,89,46.45,135.83,-6.57,0.81
495,48,ID,1553963245,96,-7.14,111.59,22.43,1.31
496,88,RU,1553963246,93,67.67,53.09,-1.82,5.61
497,64,RU,1553963246,87,59.95,56.29,1.13,6.31
498,0,BR,1553963246,62,-16.46,-54.64,32.53,2.41
499,0,RU,1553963246,64,65.95,111.51,-11.07,2.26
500,0,RU,1553963246,64,65.95,111.51,-11.07,2.26
501,40,RU,1553959800,68,51.72,108.27,-4.0,1.21
502,0,LY,1553963247,66,32.06,12.53,13.58,3.66
503,92,RU,1553963247,96,58.71,81.5,2.23,3.26
504,90,US,1553963091,74,46.81,-100.78,0.0,3.1
505,90,US,1553963091,74,46.81,-100.78,0.0,3.1
506,36,RU,1553963247,75,59.08,159.95,-11.82,0.96
507,80,AU,1553963248,98,-20.07,146.27,21.23,1.81
508,36,ID,1553962950,100,4.14,96.13,26.98,0.71
509,75,JP,1553963209,93,35.76,139.74,10.0,4.6
510,20,CR,1553962674,60,9.52,-84.33,27.78,5.7
511,20,CR,1553962674,60,9.52,-84.33,27.78,5.7
512,20,CR,1553962674,60,9.52,-84.33,27.78,5.7
513,90,CA,1553961060,73,55.1,-105.3,-4.0,2.1
514,76,RU,1553963249,90,63.05,179.32,1.43,10.66
515,76,RU,1553963249,63,63.46,48.9,0.03,4.71
516,75,CA,1553958000,92,54.78,-127.17,-4.0,1.0
517,90,CA,1553961600,48,50.1,-91.92,-8.0,3.6
518,64,CI,1553963250,100,4.42,-7.36,26.78,3.31
519,0,SO,1553963250,23,4.12,43.89,33.93,4.76
520,48,PG,1553963250,94,-3.15,142.36,27.43,4.46
521,1,US,1553963238,56,30.16,-85.65,25.0,4.6
522,90,KR,1553962200,80,37.57,126.98,5.0,1.5
523,0,FR,1553963228,25,48.56,3.3,20.56,3.6
524,76,RU,1553963251,75,63.19,64.42,2.08,5.96
525,88,MX,1553963251,51,26.09,-106.96,12.03,0.86
526,20,SE,1553961000,58,67.86,20.23,-2.0,6.7
527,20,AI,1553962602,54,18.22,-63.06,29.0,3.6
528,0,RU,1553963251,60,62.65,135.58,-17.27,0.76
529,1,US,1553963214,64,47.5,-111.29,6.11,6.2
530,0,RU,1553963252,67,59.7,150.17,-9.37,3.96
531,0,RU,1553963252,67,59.7,150.17,-9.37,3.96
532,64,TR,1553963252,70,38.4,33.41,7.83,7.61
533,80,RU,1553963252,94,67.47,78.7,-0.42,5.71
534,0,IN,1553963253,21,20.71,70.98,32.23,5.26
535,0,IN,1553963253,21,20.71,70.98,32.23,5.26
536,0,BW,1553963253,12,-24.51,23.93,34.68,2.11
537,75,CO,1553958000,82,5.13,-74.16,16.0,2.6
538,90,US,1553963135,82,30.3,-99.24,18.33,8.7
539,75,BR,1553961600,94,-3.2,-52.21,26.0,1.5
540,0,RU,1553963254,75,61.28,108.01,-7.92,1.16
541,88,MX,1553963237,38,30.73,-112.95,22.22,1.34
542,92,BR,1553963098,100,-6.64,-51.99,21.73,1.21
543,92,BR,1553963098,100,-6.64,-51.99,21.73,1.21
544,0,ML,1553963254,16,18.44,1.41,39.18,4.61
545,90,US,1553963254,59,39.62,-77.74,21.11,4.1
546,90,US,1553963254,59,39.62,-77.74,21.11,4.1
547,40,ID,1553959800,88,1.44,125.19,26.0,1.5
548,20,AO,1553961600,74,-8.83,13.24,29.0,3.6
549,20,AO,1553961600,74,-8.83,13.24,29.0,3.6
550,75,CA,1553962543,59,45.9,-64.37,3.89,4.6
551,8,AO,1553962989,73,-6.13,12.37,30.68,3.66
552,12,IN,1553963256,73,34.16,77.58,-11.07,1.31
553,12,IN,1553963256,73,34.16,77.58,-11.07,1.31
554,0,SA,1553961600,52,18.39,42.45,21.0,7.2
555,20,CA,1553963116,60,52.02,-113.95,7.22,1.5
556,0,BS,1553963256,100,26.54,-77.06,22.73,6.61
557,40,RU,1553959800,64,53.25,50.49,1.0,11.0
558,88,NO,1553961000,100,71.0,24.66,-1.0,11.8
559,48,GB,1553961000,65,60.4,-1.35,5.0,11.3
560,8,LK,1553963257,88,7.35,80.68,22.38,1.51
561,0,FR,1553963225,32,48.95,4.24,20.56,4.1
562,0,CL,1553961600,60,-20.22,-70.14,23.0,5.7
563,0,CL,1553961600,60,-20.22,-70.14,23.0,5.7
564,90,MX,1553960520,46,27.52,-110.01,21.0,1.5
565,20,SA,1553961600,20,24.63,46.72,29.0,6.2
566,20,CA,1553963199,56,53.36,-113.73,6.11,6.7
567,0,SO,1553963259,29,8.41,48.48,32.03,5.61
568,75,CO,1553958000,83,-3.77,-70.38,28.0,1.5
569,44,RU,1553958000,63,53.05,158.65,-3.0,3.0
570,0,RU,1553962850,70,44.87,38.16,10.0,4.0
571,12,IN,1553960022,74,12.63,80.17,30.0,5.1
572,12,IN,1553960022,74,12.63,80.17,30.0,5.1
573,12,BY,1553963260,56,52.05,29.27,13.88,5.81
574,56,RU,1553963260,82,63.29,118.35,-6.72,1.11
575,0,FR,1553962925,45,48.11,-1.68,20.0,5.1
576,20,TO,1553961600,100,-18.65,-173.98,22.0,4.21
577,75,IS,1553961600,100,63.84,-22.43,0.0,7.7
578,64,TZ,1553963261,78,-6.34,31.07,24.53,1.66
579,75,PT,1553962622,87,38.73,-27.07,16.67,5.71
580,0,ZA,1553963261,61,-28.77,32.06,28.83,3.76
581,75,CO,1553958000,78,2.89,-75.43,26.0,2.6
582,40,BB,1553958000,66,13.22,-59.52,29.0,7.2
583,80,ID,1553963032,92,0.54,123.06,23.38,1.06
584,8,PH,1553963075,95,15.79,120.99,21.28,0.71
585,0,IR,1553963263,79,25.29,60.65,25.93,5.16
586,0,BR,1553962943,61,-27.6,-48.55,28.33,5.7
587,5,CA,1553958000,80,55.21,-119.43,-1.0,1.5
588,5,CA,1553958000,80,55.21,-119.43,-1.0,1.5
589,75,AU,1553963089,59,-32.49,137.76,16.0,5.7
590,88,NO,1553962842,92,61.84,6.81,3.33,0.89
591,0,SO,1553963264,100,9.49,50.81,26.83,3.26
592,0,SO,1553963264,100,9.49,50.81,26.83,3.26
593,0,TZ,1553963264,100,-4.97,39.83,29.68,5.16
594,40,LR,1553961600,59,5.88,-10.05,34.0,5.1
595,68,PG,1553963264,99,-2.02,147.27,28.18,3.26
596,0,RU,1553963264,33,64.57,143.24,-24.27,0.86
597,0,CN,1553963265,93,19.91,109.69,24.03,3.81
598,20,US,1553963106,55,43.97,-111.68,3.0,3.6
599,0,PH,1553963265,97,4.8,119.85,28.18,4.46
600,0,SO,1553963265,96,2.04,45.34,29.03,7.26
601,75,IR,1553961600,71,33.48,48.35,11.0,4.1
602,76,GY,1553963266,79,8.2,-59.78,27.73,3.21
603,90,RU,1553959800,93,54.66,86.17,3.0,7.0
604,90,US,1553962811,62,31.46,-100.44,12.78,8.7
605,12,ID,1553963266,84,-5.11,105.31,27.18,4.16
606,0,CN,1553958000,66,30.35,114.31,12.0,4.0
607,8,CM,1553963267,65,4.68,12.37,31.38,1.96
608,92,IN,1553963267,60,28.06,95.33,20.23,0.61
609,92,PG,1553963267,98,-6.12,141.3,22.18,1.26
610,0,CN,1553963267,44,42.84,93.51,9.93,4.56
611,40,MX,1553962818,58,20.21,-87.46,28.0,6.2
612,56,ID,1553963268,100,-4.94,122.53,26.13,1.61
613,40,GA,1553961600,89,-0.72,8.78,29.0,4.1
